name,soopId,channelId
우왁굳,ecvhao,UCBkyj16n2snkRg1BAzpovXQ
뢴트게늄,jey422,UCSWG-hKh0u9tFCoZMRfCfuA
윤이제,eze1017,UCI6GdrsqBTNRA_T5gMq9nBA
한결,kaksjak0730,UCluZa5CRH783-eU22_N7f7w
마다옴,madaomm,UCpUSFzM5WGfZNTH1XRNd40w
비몽,beemong,UCnWEtTLqxplJccIRh3sFjJg
단츄,danchu17,UCy709n-h1QUhEOR2hdqbYNA
투미츠,xnalcm004,UCaOuiqapQKp5_8TUT0luhzg
천양,243000,UCXOLqHsi_mxJdTIqU7B6OmQ
마이곰이,mygomiee,UCZD3yQk0qXLpK1a-bZcLK6A
미르,alice427,UCNKFX8Kwk0LgX8VqyWFqF3Q
구슬요,beadyo97,UCbZptNWeIIZ3wf4uasQ04vQ
거대별,sikhye1004,UC3l8XqTjpaFhYYKFdqSYTJw
유키라,kirababy2,UCQT3WjZYASqLyYcEUblKmrg
유샥크,usharko0o0,UCiQIeh5nJBH0UZARhVKMzrg
코렛트,collet11,UCvmHDocKuL6MVx1qRgqLV9g
여르미,yeorumi030,UC9UBS38T2wKKbEKgPFdAoFQ
독고혜지,dokkhye0000,UC4Ii4PLOKq6brSfF6botIWA
양도끼,yangdoki,UCcUDG5x6lXnb0etXrBLZQvw
문모모,doormomo,UCXWbKk5HYWG0owovUJnuxIQ
햇비,htvv2i,UCv36giM2u0rJ38xLsnm49pw
쿠우,qooqoo3110,UCpEelPnKyLVCXtcoAYw10lw